example_id	message
-9184673028989665576	white petals, no thorns on the stem
-9178050196676687936	blue leaves and green circles with white stalk
-9157493832136242271	all pink body and head  with yellow antenna when this is done, calibrate the colors of your monitor
-9137689045843549676	mostly white flower
-9130685826260218415	white head pink legs
-9112737524787142853	white feathers
-9091448242756885683	white stalk
-9078526825958737736	pink leaves and red berries
-9075138754831849238	Click the one with an orange stem/trunk
-9068398604517856785	purple flower, white stem
-9028759437418590956	every part is a shade of purple
-9026054970445194200	no whiskers, aorange body
-9025612853821062554	white head pink antennas
-8996205663589245589	brown head butterfly, white wings, purple antennae
-8993189094150631951	white flower, purple circle, purple stalk
-8984968163590579264	Click the one that has a white stem and thorns coming out of the stem
-8947894734162925828	purple flowers, white stem
-8917243382803582411	Click the one without feathers sticking out 
-8849173725043662625	pink steam , orange petals
-8834846419858477151	The fish has an orange body with pink stripes
-8831507912705303335	purple wing, orange feathers
-8804694007112950488	all yellow center, and smooth stem no spikes 
-8800474439681639081	purple stripes and fangs
-8798114987315546712	orange wings, white underneath
-8794012022561972074	white and green leaves
-8790563312427265489	the flower is in center  is the flower all one color does the flower and center have the same color the flower contain all color
-8789760139947304721	Purple wing,no head feathers
-8788412465455818995	all purple with fang
-8762494973690168234	Purple tail
-8749992712466427499	pink head white hands
-8734808970307311507	orange stem white flower
-8720002831714075525	green only
-8710639917885846199	choose one of the fish with purple stripes 
-8677994602483674317	orange stripes
-8671848581704537430	Green vase
-8663548381919152967	white  center of flower with white and grey leaves 
-8653095329433129007	purple middle of flower
-8652237962588439993	white and orange
-8647265177562045529	purple center circle
-8644836629943660840	pink body, orange stripes, and guess the rest It will be interesting to see if your fish have no mouth Mine have a mouth and one has a tooth~~~
-8634993388176603023	violet
-8614492534114329545	antenna, orange wings orange body
-8585264374388716268	orange head, pink antenna 
-8578755367662658491	all orange and little yellow
-8552986591314594919	orange petals white stem orange center
-8548651921795233545	pink stem, orange center, pink petals
-8534003332543498479	pink body orange stripes
-8461061894603810279	red flowers, pink buds
-8453885237927774064	orange, pink wing
-8452786985477776814	He has no feathers
-8407417952391068507	orange body, wings, and white feathers around head
-8390840500616003439	gold hair with one pink
-8344469023368711036	purple stripes
-8339720594412034012	All white flower with purple center of flower~~~
-8285930210603193064	the stem is pink and the bubble is blue
-8249656868462396027	white fish with all purple stripes
-8225123046547559059	no wings, pink head
-8221429297520748454	purple wing with orange tail
-8188439735521674731	orange everything except white center and white dots
-8161142284436398722	purple wing with white feathers
-8157437824060983374	it has less orange in body~~~
-8143853571304106123	This bird had light colored feathers around its head they maybe white or yellow
-8134564732424981833	all white body/head, no wings
-8134307754295130938	purple bird, brown arm, no tail
-8116170847053517701	Purple wing, white tail
-8114090225655243860	all purple except antenna and legs
-8097970517741976336	White stem and white center
-8093407482173660385	orange stem, white circles, green flowers
-8080757390953313282	white antenna, pink head
-8074592390851016312	WHITE STEM ORANGE CENTER what color flowers?
-8064965348204403634	pink body white stripes, no whiskers
-8049260800187709642	blue berries, no leaves 
-8048048590334139361	pink at the bottom
-8028382280174472508	white body purple wing orange feathers
-8024335076234783419	white trunk with red leaves
-8005744607298985410	White bug with orange antena
-8001798793510092867	all white
-7999536070261825376	Tree with green trunk, green leaves and purple berries~~~
-7967155789539551432	white body and I see no mouth
-7945931981113779003	Orange with purple stripes
-7941640613832505508	purple stripes, no whiskers, all white
-7937316191162194127	orange head and wings
-7935449061200017443	Click the one with a white head and antennas
-7923695577624292957	He has no whiskers but he has stripes
-7919233140251675868	orange and blue
-7915248382965827572	Flower, white stem, white flower head, orange spots, purple center~~~
-7884814988886894281	purple body orange stripes and whiskers
-7872357246440923669	green leaves
-7857766746052749825	there is a blue trunk and green circles in the tree
-7838771477451060770	pink head, pink legs
-7826276063388353370	orange antenna purple body
-7796044193118260812	golden center, pink stem
-7787810376063882829	white
-7774965367965412622	purple head orange body
-7769379492748317406	purple wings no head feathers
-7744124702454347056	choose red berries with white leaves
-7743934498144111473	the bird in differnt color is the body orange
-7739747787049327110	orange head, no wings
-7713492695976683811	white bird, purple feathers, white arm
-7713308111997919407	white body, yellow head
-7702929426465067831	it has pink hair 
-7680070065020033091	no thorns, orange body 
-7641362050464395182	orange no feathers
-7630925900391625837	The leaves are red
-7629806512026321897	all blue
-7628320137443070820	orange stem, petals and center
-7606024168881252353	pink stem with thronsm pink middle of flower, white petals
-7578090600130096744	orange legs no wings
-7570321033166115930	this is underpaid, pink antenna, white legs
-7562537649948777104	orange flower and orange dot
-7535687415657718020	orange center 
-7485311048049019957	pink center
-7479743004573699052	no wings, but has antenna
-7463113908809957260	red stem red leaves purple balls
-7446887310441431941	Click the one that has blue berries
-7415556768157122845	orange legs with white antena
-7392295555830561138	no wings
-7355226267950917017	orange body, white antenna 
-7332146310881497433	white fish wih yellow stripes and whiskers
-7329551195725782672	it has pink antenna 
-7306120750606541760	Only orange and white
-7279481257957377385	white feathers purple body
-7268714522685005519	blk and white stripes
-7252836757793040216	purple center dot with white petals
-7242536937077801808	white wing
-7212369179905942438	pink legs and body, wings and pink head
-7204810672304816455	the fish contain all color
-7191066555336976924	pink middle of flower and orange stem
-7159164414005164615	white stem, orange petals, white center
-7134933738527467278	white body with purple legs
-7128059499498254490	blue leaves pink dots and pink trunk
-7120375445757088511	pink no stripes
-7116646919064185139	purple head butterfly, white wing, purple antennae
-7087735664080619725	white center, purple petals
-7087448337690013420	brown and purple fish 
-7086121455029646485	no fang, white body and pink top fin
-7056432709793181534	white fish no color in the stripes
-7037851206187839319	yellow petals, purple center, white stem with thorns
-7012644916122614435	red leaves
-6973145627165289003	white stem, purple leaves and yellow center
-6960535249452614853	its head is pink, it does NOT have wings, just an orange body
-6902394738260380856	orange wings, orange antenna
-6865659244524700455	You're good man purple leaves, green seeds and blue stalk
-6844860939731146489	hi hi without yellow picture Can you be more detailed? There's one with an orange center One with orange floweres without yellow color one
-6839715242439482250	white center white petals
-6830037726658366250	pink center, golden outside
-6827631248592904103	purple trund blue berries trunk
-6825749723307573000	white wing, purple feathers
-6820615816931498643	red and white
-6819521911009610090	orange wings, body, and legs, white head, pruple attenae
-6770396057416613877	wh with pur stripes
-6760035872669165105	why am I always the speaker lol it's usually me! pink body orange hands no wings
-6754459807923010660	the center is white
-6752606170623616557	red plant/leaves pink berries
-6700299267227619787	orange body white legs
-6697971315301256042	1 orange feather and lots of pink feathers
-6650106510886998205	both blue and green~~~
-6645100748349570446	white wings pink legs
-6641898751607221772	white head no antenna purple wings orange legs
-6630569472107837162	choose orange wing with white feathers
-6629830704612023496	white middle, orange stem
-6619264247306737744	insect is purple and wings doesn't contain color hello not sure on this one as the feet are purple and wings are purple feet ate purple wings doesn't contain any color
-6588071835473989269	purple with orange stripes
-6543089329988924229	pink center whie stem
-6510963836050173566	Flower with orange stem, and two shades of purple in the flower head~~~
-6465932525058535698	orange trunk with green leaves
-6460657546580645793	green stem with white circles, no purple flowers
-6447583974275809960	its the white striped fish without the fangs
-6444465526475758048	orange leaves, pink center
-6408921020411105794	Click the purple fish with something coming out of it's mouth
-6406995691705569917	green base, green dots, orange petals, no pink
-6383474516271642040	orange body, no stripes
-6382536414568954668	it has a red stem, and pink buds
-6375316330102815995	brown butterfly, no wings~~~~~~~~~ all brown
-6356241668104510052	orange center purple flowers
-6298731890581620000	purple legs purple head
-6277896591872223737	flower doesnot contain a color and it have a thorn
-6239667042669182288	orange stem, pink petals, orange center
-6221470293016456080	all orange, no fang, 3 whiskers i have the duplicate again
-6217131004765083353	Red base and blue dots With pink petals
-6209017434425903286	no stripes but it has fangs
-6208265306182761197	white middle of flower
-6206919611268037636	Click the one with purple legs and an orange head
-6202977747746239346	white head feathers
-6197718818492202154	Purple fish NO lines on the fish
-6193484532389727977	Red blue and white
-6188902850182481981	green trunk with white leaves
-6186339955444444174	orange wing, no head feathers
-6167751101367002748	all purple
-6128181902556292643	Yellow nose and white head feathers
-6103852738549767793	no wings
-6072991046712926295	Bald all purple bird with tail feathers~~~
-6049215166383731641	White fish, purple stripes, orange fins~~~ No fangs~~~ I don't see fangs, two of them look identical~~~ Can you describe anything else? They all have whiskers, but one has a large fang in front of the whiskers~~~~~~~~~you can't see that? No The pictures stop at the tip of the nose~~~ I might get this one wrong~~~
-6022192449090817300	white legs and butt
-5995590321216442818	all orge-no tail feathers
-5961064684979606712	orange fish, pink stripes
-5954066920292112283	its purple
-5948772745805657435	purple and lavender flowers
-5905714394673331674	no wings, purple head
-5897260927441275322	pink with yellow stripes
-5886525863095291767	org dot-pur flowers
-5876588242488386285	purple center, orange petals, no thorns
-5861217897960170760	white stem with purple center dot
-5858928548772563732	white petals and yellow stem
-5823551491603164650	green leaves red berries
-5819437243090225913	white petals orange center
-5788480046959329685	Tree, red trunk, purple leaves, orange berries~~~
-5783483144931282403	the bird look different comparing the other birds what is the color of the feathers the feathers contain no color is there a small portion of the wing orange no the bird is purple and the feathers contain no color
-5759579226571419191	pur tail fea-white arm
-5736961305348176124	white bird, brown arm, white feathers
-5724589068135688529	The one with white heat and 8 legs white head
-5724525027072444682	Notice the purple centr with the white petals
-5713294859652094307	pink center
-5710335947861278419	orange body white stripes
-5692880472341833005	no orange on this one at all
-5691083126880028374	no stripes no tooth with whisker
-5654125669167970390	brown leaaves and seed, white stalk
-5636981642408333084	blue body, red leaves
-5620058144608745277	pink wing, white head feathers
-5615018251965506439	Blue trunk and green leaves
-5608425328298506654	purple stripes
-5602087521537585571	white leaves white berries
-5596208268328756438	purple butterfly, brown feet, no wings
-5585247396487466618	green dots blue leaves you're doing awesome =) thanks you too
-5562614378280511456	pink legs, orange body, white head and attenae No wings
-5539754776100989810	white fang no stripes
-5537011226110080862	completely orange fish
-5530980601488596356	the flower contain same color flower contain same purple color is the center orange no
-5516953349843928722	purple legs orange head
-5507809799166847639	orange wing
-5423256820017628331	white flower with purple stem
-5380934161174830258	pink head
-5379286013216743909	brown fish, purple upper fin
-5374582023052250869	it has tailfeathers and purple wings
-5334359328902856357	hi hi white wings
-5326406926394505915	Orange fish no wiskers
-5319905034388673771	Click the one with blue leaves and white berries
-5306806820145287960	white wings and no tailfealthers
-5285660867351089762	Click the one with white leaves and an orange round center
-5283666821666315544	white body wings antenna
-5268384816570450136	white wing 
-5246064396224340953	white center orange stem
-5244711397370014967	pink antennas 
-5234052931804069089	Blue vase, red petals
-5210057363042891566	white center
-5209702204591438433	orange center white stem
-5203366258114661016	white leaves blue trunk no orange
-5192583037689712817	everything is orange except the middle of the flowers and some pink dots on the petals
-5191306907531813052	pink center, white petals  
-5170279065834046847	blue and pur
-5152287672751233432	purple stripe with string
-5149819595712004204	Orange center purple stem
-5085832899871910988	purple and white, no orange
-5082592433486926987	the bird in orange color and doesn't contain wings but it have tails
-5071203343302795682	purple trunk with purple dots
-5059598795679825860	White body, single orange feather, no pink
-5036808510889336315	orange wings
-5034310843762270383	white stem, fruit
-5026944945325022137	all pink
-5026789685216081933	Purple tail
-5008898840304717000	Click the one with a purple body and white head feathers
-4985364201187708203	orange leaves, orange stem
-4979373740517466676	pink thing by the eyes
-4935521522286946812	no whiskers with orange stries *stripes
-4852420825490225775	blue friut, blue leaf
-4847618146852781524	pink tree, gold leaves
-4826673099053818804	grey flowers-white stem
-4813723994801653392	all white feathers
-4812025947768336888	orange leaves and pink center
-4803470931901876906	stem has spikes, white center on flower
-4787117051934275003	white stripes with tooth
-4751354183164478922	pur-no strip
-4732742663372644964	its like a blue color~~~
-4720173857048150458	pink head, white legs
-4702395579904405925	He has purple legs and no antenna
-4688529452310137249	purple wings orange antenna
-4658001393991008704	golden legs
-4640284499120816402	it has striped body and tail and lines coming from its face
-4628292805896769895	red~~~
-4627483167007510557	all white fish with whiskers  if you type faster, we can get a higher bonus
-4616942616297503214	all pink
-4597894835634174313	Notice the yellow stem
-4595537617747677521	Click the one that has big wings and white legs
-4588725887228270442	purple body all white feathers
-4545135051152468279	solid orange fish
-4511469058855861684	Yellow stripes and whiskers behind his teeth
-4508957742275214827	no stripes
-4496608262241421790	the tail is purple and bird doesn't any color
-4481763989869359206	purple head antenna white body
-4449827600564955202	all orange except white wing
-4443475763913406260	orange berries on the tree with no leaves
-4443226455073041083	orange leaves blue berries
-4426093686540302750	Tree with purple trunk, green leaves, purple berries~~~
-4425188210269072992	pink body fish, yellow top fin, whiskers no stripes
-4424082343515242834	White tail, no antennae
-4420164232459301605	white stem yellow middle
-4381864213186371350	purple flower with purple middle
-4379500990337432805	purple fish and white fin alone
-4375659837722565380	white flower orange dot in middle
-4359953731555304359	white feathers
-4332820963201239314	orange leaves
-4321089119979839125	orange body, wing~~~ w/o mouth string
-4283152061485103897	green trunk, no leaves, purple dots
-4264330617547630575	blue trunk
-4246911849573851690	white wings, pink legs
-4243751385312633465	white petals and white stem
-4236922878976683920	white head, orange wings
-4205222002165355599	a ll orange flower all orange trunk? yes
-4204023611512872148	purple everything wings
-4201883744789832801	pick the critter with pink center and orange petals
-4198888836847211600	only orange and purple~~~
-4168885225701455406	orange wing and feathers
-4129870347010503861	orange body purpled head orange legs
-4105488819176678254	orange fish no line or no stripes
-4066290759752846938	orange tail
-4045789448563354676	purple wings and purple antennae 
-4033928419214792444	Click the one that has a white body with purple legs~~~ And no wings~~~
-4031475314381329692	purple flower white stem
-4028156563966830626	flower round pink, yellow stem, flower
-4011894045016173121	Head yellow and body full pink
-4010722356369814261	white leaves, no berries 
-3994816862046231063	red leaves and red balls
-3985102039151595590	Click the one that is a purple flower and has a white stem
-3982372051240371476	all orange except one white wing
-3981762786384807490	white
-3964976694873315635	purple antenna orange head and legs white body
-3937075367794116958	blue leaves and blue trunk
-3927538656160585373	the stem in red and doesn't contain bubble
-3921932627427308741	solid orange body and whiskers
-3916031649983414283	white flower, brown circle, purple stalk
-3876646157522558083	orange legs
-3876372180467323379	all orange, no head feathers
-3868638716814322388	Click the one that does not have feathers sticking out
-3844748661115813682	pur arm-no feet feathers
-3836767579235275541	white trunk purple berries
-3825808028572685779	orange body pink stripes
-3824832454486403657	orange head no feathes
-3824396664817384190	Click the purple fish with orange stripes
-3823591123642719434	bald bird with just brown tail
-3807804356712766404	brown head, white feet, no wngs, purple abdomen no antenna
-3781570050516757154	white wing purple legs
-3749915905557852937	Tree with green trunk and berries, blue leaves~~~
-3743891899757137986	white fish without color
-3743317708522116452	purple flower with white circle in the middle 
-3736044756575419256	flower contain no color at center and it have thorn
-3731766914025394176	purple legs with no winngs
-3720653029294299143	yellow stripes
-3719852995129213996	no wings orange body
-3698126100667559205	solid pink fish
-3696307135320313074	pink feathes only on bottom
-3692911483239430002	purple trunk and leaves with leaves red leaves
-3671683458613862562	yellow stem with thorns
-3662743114174793787	Bird with purple head, purple body, orange tail, orange head feathers, orange wing~~~
-3625898067596895919	the wing doesn't contain acolor
-3605465828662136811	Click the one that has blue leaves and red berries
-3602019704391212911	red trunk blue leaves
-3592914541729781151	pink flowers, red buds
-3587293275570937535	purple stem blue petals
-3572249483939627007	orange stem with purple petals
-3561643778541340762	White stem and petals, spikes on stem
-3532483420343531931	antenna, pink legs
-3527517915826564567	w/o wings, head , legs yellow
-3515117799225132432	Click the one that is a purple fish with something coming out of it's mouth
-3506458610276696016	white wing, orange head and tail feathers
-3498553977109581605	yellow stem all white flowers
-3490895135554051518	orange bird no tail feathers one orange feather
-3488911581095285740	orange body, pink stripes
-3476498887673597397	blue trunk and no leaves ok thanks I think I got it
-3451622875643570011	purple tail 
-3431803800636444050	white plant with white center
-3424670912464738473	white body orange stripes
-3410214025500063380	plain, no feathers on top or bottom
-3391133977678382529	pink trunk
-3374472008780362815	white top and tail feathers
-3341285874449885302	head body full pink w/o head feathers, 
-3339350709809178435	white petals orange center
-3328761332274699923	1
-3292634091730762496	white head feathers and no tail
-3262048812474483518	white with purple fin
-3210849046551256857	orange wings, purple legs
-3183403117910331073	orange wings and purple antenna
-3159079765854534027	all purple fish with 3 long wiskers and long fang from mouth
-3147692205996266883	purple white no whiskers
-3119889742224421538	hi hello there is a tree with green and purple and orange more pink
-3111898653388637493	Flower, orange stem, white tendrils, purple flower head with orange center~~~
-3110419627962064143	the feather doesn't contain any color
-3110003854722928401	purple flower, orange circle
-3107119316583234524	orange legs, pink head and feelers, white body
-3105169270498355984	red flowers, purple circles
-3097190633076913484	golden body and thing by the eyes
-3083433321103199902	RED STEM PINK LEAVES
-3077106360459509049	Pink head all white body
-3075831533016915276	white head pink antenna
-3061036218724885034	Click the one with green berries and NO leaves~~~
-3058065250788683189	orange flower white middle
-3054111581733183255	white wings
-3020810496391916329	no tail feathers
-3013463330922092843	purple antenna, white legs
-3007663717794596989	pink body and wings, orange attenae
-3006202330554325401	Click the one that has white wings and purple antennas
-2886947905987086247	white leaves with green berries
-2875923716848431595	white wings and white antenna
-2871523219991341482	mustache and ppurple in color have mustache  no doesnot contain mustache
-2836796654586416421	purple bug, purple legs, purple wing no antena
-2831674895153660199	White stem
-2827220234796967505	w/o tail, full white head tail
-2802149547007963513	tree with blue and orange and no leafs
-2792230087824274813	butterfly with purple wings and white antenna
-2781908239495419337	yellow feathers, white wing
-2772357489823530914	white middle and white stem
-2731578813369926106	white with orange stripes
-2723602484407537193	white feelers and orange body
-2698985215073573661	all white no tail
-2697021156870100083	wh stem- green only
-2691935177962620648	white feathers, white wing
-2675230645408892889	white body, no wings
-2658634389894188189	orange stem, white center
-2650208614574252104	Orange and white
-2640131063348334314	Look for the one orange feather with the solid purple bird
-2634531398562854287	blue leaves with red balls
-2631942360540773182	no wings no antenna
-2596239626272550573	purple wings, yellow legs
-2575526327788677701	purple body, white head, purple antennae
-2540803767350309609	white wings purple antennae 
-2533076710765535274	white petals purple center 
-2496170783880422925	ORANGE AND WHITE STRIP FISH
-2495604012884805596	red leaves and blue trunk
-2471342906113015057	orange stem, orange middle
-2459591293738982186	orange body white stripes
-2442637437229487983	no feelers, orange body
-2435510578346103597	Orange fish, purple stripes, white fins~~~
-2426000637401479227	purple center, yellow stem
-2387259374115850405	purple wings, legs and head
-2384456976372867307	blue leaves no berries red plant
-2370009628303199903	purple petals with orange center
-2364061319119577151	orange antenna legs and wings white head
-2314879174916001617	white with orange stripes
-2295126388613795801	white body with purple stripes
-2288935901070799099	full white with black stripes
-2243278487758629219	all white, no teeth
-2211423242577891491	all purple body white wing and white lower feathers
-2196718245461040578	all white with white stripes
-2170073579339947576	insect contain mustache and in purple color
-2146218420382335371	Purple petals, white center
-2143990815824440760	The center is orange and the leaves are gray
-2140561241347080907	white stripes
-2103726222129970969	orange stripes purple body
-2071910042327561359	white center, white stem
-2048517757551220970	no hair orange tail
-2047587184913731827	Fish with purple fins and no whiskers~~~
-2044842642207077810	white pink stripes
-2040311240002034293	the tree contain all color
-2038038106815587049	white tail F
-2018995256234643400	WHITE STEM AND WHITE CENTER
-2002123154460122530	orange head, the rest is purple
-1994367903613006229	hi so i see a purple flower with an orange dot in the middle hello? hi
-1963021687814425002	All pink feathers except one orange feather 
-1914881010300521672	pink stripes orange fins tooth or no tooth? Sorry I dont have a tooth in my pics
-1914441292504114866	green stem and circles with pink flowers
-1912996931610524663	white center white stem
-1877814815378229214	orange stripes, no whiskers
-1858904999444437874	the one with orange hair, all of it
-1856701105785927989	purple wing no tail feathers
-1797070908444529967	no thorns, the middle of the flower is pink
-1794606619441865870	there are red leaves with swirly branches that have white berries on them  none have white berries what do you see then  no berries, pink berries, orange berries the light pink berries sounds right 
-1788527891515516266	Click the one with purple leaves and a white round center
-1779380125302793070	Purple with white stripes
-1770315931686122281	green trunk with blue berries and leaves
-1745432406993955683	Click the one that has white leaves and a purple center
-1723435105113866546	yellow stem and purple center also yellow petals
-1712137419621799073	white wings orange body
-1675485788906378002	no feathers on head orange wing
-1668927965244978289	green leaves and trunk
-1661528204007883821	yellow body with white wings
-1649971048200139999	white wings, purple attena
-1644356658407833589	The plant has a pink stem and an orange center
-1602763334103298358	yellow trunk and green leaves
-1589787829180056792	white plant with orange flower
-1574619279592514981	all yellow
-1525400069854245352	or body pur legs no wings
-1494121695857982505	flower in yellow and doesnot have thorn
-1486200145349508534	the one with whiskers but no stripes
-1462063792236838789	Click the purple fish without stripes
-1454662027754951857	The one that has purple petals and also a purple circle in the center of them
-1451432759105458876	all white
-1451049445280496612	orange legs and antenna white wings purple head 
-1435106666206582602	purple petals
-1385790514621267426	pink body, pink mouth strings, white feather
-1371148422220057310	white head white antenna
-1365694889357294783	white stripes with tooth
-1351793574338459420	red stem, red fruit
-1322696456102614362	pink fish and white stripes
-1303743523573464842	orange top feathers on head
-1299162887032409094	no wings, no antennae
-1294659411321386106	no stripes on body
-1285356271949338912	orange
-1281410981839846538	blue stem, orange buds
-1252792834298214875	choose pink wings and pink antennae 
-1239464273080800394	white flower with thorns on stem
-1237552475024142402	white wing, white head and tail feathers
-1225485023379388826	all purple with whisker i dont have one with a whisker fang? not the white one nope i have two that look exactly the same~~~ all purple and one purple and white pick the purple one
-1217965230563375089	white wing and orange legs
-1202229346670556926	purple flower, brown stalk with brown circle
-1199112123816738072	orange all
-1190623811373584524	No wings, no antenna
-1167738291594341047	orange feathers
-1167225355881544923	golden
-1163042482613169915	He has a solid body
-1100639598728400340	white base, no petals, white dots
-1099759953440172122	purple stripe w/o string
-1082585032047449841	pink stripes
-1082046539328800603	orange~~~
-1075217282600511883	One pink feather
-1060973282943979864	orange tail feathers
-1050878938857657430	no stripes on body
-1015971012751322476	the one with white dot in the middle and purple around
-1013691688128787158	has feathers on top not long on bottom
-1006342522893267527	all purple body, no stripes
-980917344457836714	Bug, white head, white wings, orange legs, purple body, no antenna~~~
-976693970518353231	all white with gold legs
-968102795479579378	PINK FEATHERS EXCEPT ONE WHITE ONE
-945596327840059406	solid white
-932552162056631266	fangs orange fins white stripes
-920923032561658246	All white bug with purple head and body~~~
-916385266235781365	Flower, white stem with thorns, purple tendrils, two shades of orange in flower head with white center and spots~~~
-871443952924656675	white flower, purple stem
-871414557929408848	solid pink body
-871129108121953977	orange stem, red flowers
-793198627115969075	yellow stem and yellow center
-781617078508244870	no cololr in the petals pink center thoughts? I huess the center is lavendar, not pink can you choose the right one?
-765073468671039737	purple with no whiskers
-761664401610773499	orange body, pink wings, no feathers around head
-746466357205838931	the inside of the flower  has the middle white and the petals with grey white and round orange
-721710605663329184	white wings with antennae 
-712404571155459482	white stem, green leaves
-706509835343048456	1 im clicking your numbers but they aren't right
-705571678578730446	pur wings-white neck
-699172641089933643	purple flower with purple middle white stem
-672050947160598250	orange wings no feathers
-664122278628054790	blue trunk
-662321539308035295	choose one of the all purple fish
-660977877958703919	orange wing, orange head feathers
-636496678487748150	has 1 orange feather, but no other feathers
-634598803232749080	fully red in color
-625669198842348494	orange antenna and purple head
-624390937319888520	white leaves and green dots
-607760038216959743	orange stripes no whiskers
-601831905959853377	Orange body
-601792659502171573	white antennae orange wings
-596276675458638470	Purple feathers
-593606473467298982	No stripes, he has whiskers and teeth
-588558802691302140	purple antenna and white head
-586975727403241695	orange head purple wings
-586556666261626652	white bug with orange3 antena
-584044698790270589	orange body, purple antenii
-578415110967931800	bald bird with purple arm
-533927277768068840	green leaves no berries
-527366935914653585	it has antennas and a purple back, no wings
-525918649780706418	no tail feathers
-517485001721491178	orange wing, white tail feathers
-513030802973954373	White body
-512372766177882611	no feathers on the head
-421302122950035251	w/o tail feather, body feather in white
-420645044197164270	Orange body, purple stripes
-372935162179506532	blue green and white
-369546785675490265	its like only purple ~~~
-368410364289020111	NO DOTS ON LEAFS
-344175708951228637	white head and without wings hi
-330098584095868072	all white body, no whiskers
-305945519764774238	orange leafs
-297392192952240405	orange stem, pink center
-285776957209633997	orange stem and flower
-282964280461026159	solid green with pink berries
-244378821889488638	white-no stripes
-241521564108928442	3 purple stripes orange body
-223926009209234450	white antena pink wings
-217721435485349045	white head feathers
-197798277239259614	only one purple fin and no white fang
-196491927543677729	hi hey white stem and purple color flower
-196277610468879583	white bird without tail but with purple feathers
-168365416763937847	purple stem, yellow petals
-139742099619175271	yellow stem, pink fruit, green leaf
-126290391483482871	blue and green leaves, red trunk
-121001315230514073	no tail white head feathers
-104816020616001039	flower center doesn't contain a color
-87415687354152114	red leaves
-47732384534842136	Bird, all purple head, body, head feathers and tail feathers, orange wing~~~
-43721814719267217	purple body no stripes NO fangs
-39898874047065296	Click the purple fish WITHOUT stripes that does NOT have anything coming out of it's mouth~~~ 
-25348604955704674	Bird with white head, white body, purple wing, no extra feathers~~~
-24639791041265481	white plant orange flower no thorns
-16645354659308323	orange wing, purple tail
-11404107399456077	all white with gold head
4609780449977076	white stomach, orange wings, white head, no feathers around head
6200640186979832	or headress-or arm
14319189262313651	purple leaves and seeds with green stalk
14776527814669717	feelers-pur face
22153797361375139	purple fish
27465782300781237	both tail and head feathers are orange
35371423875558906	no tail orange wing
95072187922392408	orange body, no stripes
107654128038901569	white center purple flowers around i
133234180743071501	orange legs, orange bod
141744887845077407	the fish is gill without mark and mustoche
149303966410979036	white stem, orange flower
153501656830112637	Click the one with white head feathers
154783372440564931	white leaves, orange stem
159626151317070058	pink center, pink stalk
170513776099731661	white leaves, blue berries, green trunk
173549498884379345	pink center
180972132487030465	white body, purple legs and head
183654361329685299	red, orange 
192646267856930139	it's a bird with purple hair
198638321029194613	wings white antena
234561334766610963	purple head and white antenna
262273678512952219	white stripes no whiskers
274807316225550374	white wings, orange legs
300342976090820125	colored whole picture
327630949831802424	orange feathers on bottom
337759024315741993	white and gray petals, pink dots and orange middle
355452680396657232	Orange body and white antennas
375866240837077342	all gold with spikes
385931911744684797	green and white flowers
412835055984753080	without spike~~~
415532457985712606	white wing, no tail feathers
415977914200396084	it is an orange flower but does NOT have thorns
420444631461596534	Bird, white head, body and wing, purple feathers on head and tail~~~ Sorry, orange feathers!!
433647219399942485	The has a red trunk and green berries
451452165425344792	Red vase, no small circles
456880604363589209	full pink body w/o mouth strings
461982250391607254	purple wing and white hair
466756803009974762	orange and yellow~~~
467492077147437190	no stripes on body
481141209479131567	red berries
527859383803878816	orange wings purple legs
544063258113969054	all purple wing and feathers
551486325131222687	Purple flower with orange stem
570902309042189562	all purple body and wing with white lower feather 
608137031346162327	all purple fish with white fang
609886840267883478	insect contain no mustache 
636387220629677945	purple leave white balls
636765704703907554	brown flower, purple circle, white stalk
646813605782744400	purple petals and white center
671592544790660872	blue stem and flowers
674371434366810754	White stem, purple dot on orange flower no spikes on stem
677703782232686309	white tail orange wing
709445956640528426	all orange body, white top fin and fang
775925825171438742	orange stem with orange center dot
792531752847807184	orange fish no lines on fish
795750485311900189	white fish
796532616298217133	orange wing, no head feathers
848858188836490390	no teeth with model and orange white or purple stripes? white
852313874115069758	purple center, orange petals
894170029716317197	Click the one that has purple leaves and purple berries
899609556616301046	only orange color in body~~~
918697951922593815	red flower, blue stem
930038315369071129	All purple, no antennae
980772627112932986	purple wing with white feathers
1003340478064916823	ORANGE LEGS NO WINGS
1008097769895196139	white tail feathers, white body feather
1090054032223547067	pink body with whiskers 
1092612872702502406	purple flower, orange stem with thorns
1094288222252230546	orange petals with white center dot
1111352170756218526	pink stripes no mouth
1123810523650824945	pink tail orange wing
1128234340790810161	Purple wings and no feathers
1146964669601273789	orange leafs
1157508078566938692	the fish doesn't contain color and strips hello
1159959169770220472	Orange wing and tail
1166229454461437383	white petals pink stem
1173281885984864821	blue-red-white
1206198995285217899	white leaves
1238966132888843429	white stripes, orange body
1259155319882979920	the one with  only green dots
1266719391811817052	one of the purple striped ones~~~~~~~~~it's the middle pic for me
1273271818796855836	white body, pink stripes, white fangs
1277220318490451410	purple body back fin orange and little fin whiskers? no whiskers top fin is orange and the little one
1335960453450930232	the flower is purple 
1356738144272632852	purple with white stripes no fangs
1372191148631635539	violet
1372455452967836076	pink legs no wings
1380646179705209905	Red
1418712569227552844	white center white petals
1434484750820435661	orange center, purple petals
1449952345154020266	it has both purple and orange color~~~
1465167602573805775	purple plant orange flower 
1470294258625703460	yellow legs
1470926322837066473	all purple with yellow stripes
1476834557410331050	white head, pink feelers and rest of it is white with pink feelers
1478050205428046659	pur dot   
1481677646517794403	or stem with spikey things
1487560582553464566	green stem, no purple circles, white flowers
1501611812569911447	Orange base and orange center and white and gray flower ruffles
1519908852901492235	white body with whiskers
1522556999612127467	Three whiskers and black lines unfilled in the body
1523726592720460910	white fish no whisker no tooth
1526476828612781993	red berries white leaves and white trnk trunk
1554714541427005050	orange stem, white flower/petals
1556618496122674008	Click the one with green leaves and green berries
1567920379750101436	white wings and antenna
1578882355641294463	white-no whiskers
1585709225510962168	PINK WITH WHITE DOTS
1597388475938225360	orange wings, white legs
1649643587393945591	orange vase white leaves
1664383407097632714	purple head, white legs
1684318223327802345	pink base, white petals, pink dots, no orange
1690605319839802631	orange with no stripes
1712371484611705682	white tail pink wings
1724791091073677469	choose orange tail feathers
1731345379067857854	Flower, white stem, purple tendrils and center, orange spots on white flower~~~
1739787366332346570	no feqthers, orange wing
1740340152614822507	red leaves white trunk
1742692583497477665	orange wings and purple antenna 
1747560800716378309	purple body, no wings, orange legs, white attenae
1749195714877563040	white flowers, orange circles
1758663950782397270	Purple with tooth
1776635921177114719	flower with green stem and white dots
1780383058172555520	no wings
1782627838213191521	Bug, orange head, orange wings and legs, purple body, white antenna~~~
1852322293035769801	green trunk, purple beries
1860970550496622650	white stripes and no teeth
1871853530383187242	orange wings
1883948840131375705	Click the one with white antennas and an orange body
1886371871194733313	white leaves
1886541615049828283	butterfly wings white, white body and legs
1892509760778650327	Orange wings and pink attenae
1894293984176870698	brown and green leaves 
1895268165959203678	blue dots with green leaves
1931421636413954115	orange wings, white legs and body, pink head and attenae
1944277967619671749	pink by eyes
1954504106082370615	purple petals
1955275653437289127	purple with no strips
1957438298791056808	pink legs and head, white body
1964228288417162383	purple body with yellow stripes
2022339846513942038	white plant with thorns
2026370389052887549	pur legs-pur feelers
2056584088556682214	white and pink
2074734551629177324	the flower is different in color
2092635353187477396	all purple 
2092884503908194438	orange and violet and spike~~~
2101165983779650267	blue berries red plant
2146091495949163276	White wings
2178867076736906696	Solid yellow body
2195076371262687671	orange stripes
2199205108879930400	white stem with spikey things
2203685160818314417	blu-red-wh
2208265958773417148	Flower with white stem, orange in the middle~~~
2219105313622392811	pink stem, fruit, green leaf
2238587537660653642	no wings
2259607373827069479	fish is purple and contain mustache
2266305958578476733	no feathers on head purple wing
2275570852376894035	blue berries green trunk
2287915190968378165	White wings, no purple
2338161988989549339	orange body no stripes
2343633399992567519	all purple
2343944851027260760	long whiskers, yellow stripes
2344206517473309918	white wings pink hands
2400269462328557379	white wing orange thorns
2446891826600171155	red trunk
2454892257510511374	orange body, has antenna
2491615214213446425	pink flowers orange center
2492862928980397462	wh face-org legs
2496042022819124218	white body no fangs
2509841635521687593	threee pink stripes, the rest orange
2552676186825844192	Bug, purple wings and antenna, orange body and legs, white head~~~
2584627628843728823	with wings, full pink body
2584707919557185017	no head feathers, pink tail feathers
2585022083320746454	brown naked fish with white upper fin
2614181540828366925	all white body
2615729089219345387	pink body orange feather on top
2627122001241670905	orge legs
2663513936489237491	Full orange no stripe
2722934574082890198	fully orange in body~~~
2742589242555898284	completely white fish
2756565100227990804	solid orange flower - petals and center
2762250508337796805	completely white body with orange butterfly wings
2787996553048802194	white body, white spikes, orange wings 
2791118711454004589	pink body white stripes and fin with a long tooth 
2791525403243672226	White circle, purple flower
2814573664268796006	purple stripes
2829541346859590570	orange body, long tooth
2856087737965056417	Click the one with orange tail feathers coming out of the bottom
2873954202275114869	white body white wings
2875804813987092041	orange stripes no whiskers 
2899073892056537390	fish with no tooth or stripes
2970003918750679659	hi hi hey which one do you see as the target/ ? Are you there?
2998843214159315252	the fish doesn't contain mustache is the body purple yes
3000925008673651279	fully orange color in body~~~
3037298860531168372	head and tail is pink, the rest is orange, has whiskers
3040023013971147942	orange trunk
3045469752169180553	This one has no feathers on its head
3065901964911325557	the stem color is yellow and leaf doesn't contain any color
3101123528183230623	orange-purple
3108796956252904318	Orange stem and white dots what color flowers? Red leaves
3117464798914167272	it has a red stem, pink leaves and blue buds
3131308546867259015	White fish, orange stripes, has whiskers and fangs~~~
3142706874950281567	white wings, orange body
3155640278854126117	white body white stripes
3168430007861782576	pink fish orange stripes
3183825497930736569	orange wing, no top or bottom
3209960469133524375	orange legs no antenna
3216044216509779582	white with long whiskers
3267130375820902874	white abdomen, purple head and purple antennae
3268475002076125028	green trunk red leaves
3277444598604069753	ORANGE WITH WHITE TAIL
3292001782404681654	no feelersm and orange legs, pink wings
3306220263456360783	bird doesnot have any tail and wing
3329822191615285283	no top head feathers
3331447881803510232	the stem is pink and the leaves are gray, pink and white
3347949600030333990	orange leaves, pink center
3376828743189408845	white body and fang
3389612709328829057	it has only purple color in body
3397700222370663422	The one with white dots
3406437709019299195	red petals
3414302407953502580	only white is in the eyes no antennea
3430892560321578589	white antenna
3435326888135262707	no antenna or wings
3463150358289184950	purple flower, orange stem with thirns thorns purple dot
3474449268839262290	no whiskers, has lines
3520633140762030128	green leaves purple stem and balls
3522512334810889523	greed buds orange stem
3530590458579060284	purple head purple wings purple legs
3535628572172945576	blue trunk, green leaves, no yellow
3550071444428349901	purple antenna orange body
3560762070780770465	purple wings white legs white ante antenna
3577970198076871189	all white
3594658757594475654	white body, pink stripes, no fang
3596369455535338383	orange bird, puruple bottom
3626761212255336628	two toned purple flower only
3637345402955449209	white-plain tail
3638851331862961230	white antennas with yellow legs
3639789008060804292	no tail feathers, whte head feathers
3643365292619784266	Click the one that has white leaves with a purple round center~~~
3666982854419035886	blue and white
3685769589976225678	white head pink antennae 
3694514425743170386	green trunk and red leaves
3700941873837959076	1 white feather, pink feathers below
3714703527047116423	all white no stripes
3716590945796626271	gold wing, no hair
3733208976043438199	Purple wings and no tail
3737504864194636723	orange petals with no dots
3758621277804808477	purple outside, golden spikes
3763885556988979885	white head purple antenna
3775037681302588269	the bubble is in blue color and stem is red color got it
3805691916083891864	the flower stem different in color 
3815512876537959362	orange tail orange hair
3858080177752168211	no thorns on stem, white stem and orange petals
3883957620471451248	Click the purple fish with purple stripes
3888687669679516207	orange pedals, no thorns
3930950055127974869	white wings with head/tailfeathers
3931957439275153527	purple center, thorns
3954311218741642710	it' s green
3961318081910906797	fish have strips and contain no color
3964658778313494285	white spike
3986476541588546404	white berries, no leaves
3993881412405515877	white hands and antenna 
4032716769614147539	orange body, pink stripes, no fang
4037475233042154850	Bug, white head, antenna and body, purple legs~~~
4043388832307428985	Orange fish and pink stripes whiskers? Nope
4043424466318211843	white with no stripes
4067874264100577549	purple body with string
4080445296218164805	Click the one with a white body and orange legs
4080647777390402113	tree is fully green
4082891794262918450	white legs and no wings
4112785943779336651	its the one without leaves and has berries
4115218358642265158	all pink one
4117781711555466326	no head feathers orange tailfeathers
4139346838834800834	pruple with long whiskers
4180593982159493629	no stripes~~~ no tooth
4185033871017900181	pink arms, no antenna on head
4199910775505482515	white legs and purple antenna
4216693581689005118	solid white
4244995357769289101	blue leaves blue berries
4249881464966552722	orange with white whisker looking thing by mouth
4250307893810583140	red trunk, green berries
4326745653855603315	wh wings-pur legs
4333323887475847664	with thorns, white petals
4348731365675172191	white plant white center
4349236064580580190	pink and green on the top
4351244535442557056	orange tail purple wing
4358107133458505750	The fish has a pink body with white stripes
4388912187635722986	no stripes
4389233555230771533	it has red flowers, but no orange buds
4391572765408356054	white center and white stem
4393991546458240262	dry tree
4399326171437641857	orange stem and orange bulbs
4401585631643849617	white butt, pink wings
4430723737856760572	all purple
4438953315719623897	Click the one that has a white stem and a white round center
4452476535930978284	orange middle, white stem
4454960912461517153	Tree, green trunk, red leaves, orange berries~~~
4460003186147842806	fish in purple color
4469031844970777994	all pink body
4505804297695146061	Click the one that has a purple arm wing and an orange tail of feathers
4518877956625696303	white tail and wings
4521541689210112465	golden one with pink stripes
4555292961854756467	no tail
4568876319800670561	white body, no stripes or fang pink body*
4571371503063515136	pink fruit
4576715023843335120	orange trunk and balls lavendar leaves
4599573085998757624	no wings, white antennae 
4604753650796194141	pink antenna, white head
4608250915814197595	White body, white legs
4611233972233686027	White stem yellow center
4634095495581065453	orange leaves
4659028280341611993	white butterfly, purple feet, no antennae
4666702515694881045	flowers in same color only not any other colors
4669314380249123337	purple fish with no stripes
4673354819672332486	yellow center, thorns
4690122474753919626	orange body white stripes
4707008463335123469	purple flower, purple center
4707417296421410253	orange body and whiskers AND fangs
4717560692066760235	pink head, orange body
4717867518865860352	purple body white stripes
4737912171109688125	all purple with whiskers
4774628600600520961	white stem, purple petals, white center, no thorns
4777130966154405095	white stem
4787275652325383739	yellow stem all white flowers
4806082185941051014	green dots on tree
4828029826191763466	white with pink stripes
4866140121979513831	red dots pink leaves
4883524430884172672	orange stem with thorns, white flower
4886486153392032649	purple and white fish, brown upper fin
4930825062173481359	yellow leaves wth green berries and blue trunk
4944631413068343812	white leaves, no berries
4947696014807050596	pink body, white wings, no feathers around head or orange
4961459202503764872	purple center and stem
4967238484932643794	white vase no leaves
4968537521810815825	white petals orange center
4972547958893800191	Blue vase, red petals
4980785683106369660	white berries and no leaves
4985837443026724039	orange stem, white petals
5002047225882287139	White wing and head feathers
5007784641414294264	pink feathers none on bottom
5056218128159721889	white base, pink dots, blue petals, no orange
5097081701996133884	no berries
5111086801696248645	thank you! you too! 5 stars! white hands orange body
5143781935341436256	3 it isnt ordered the same for us i think 1
5160553997630012483	orange antena with white legs 
5167027860521681821	no leaves pink vase
5187385398470545321	orange wings and tail
5195729177752181999	orange base, red petals, white dots
5204728709448289048	Orange fish, white stripes, white fins, whiskers and fangs~~~
5247104644549161073	green stem, pink leaves
5257532561349362914	No stripes
5272322155902632276	all orange
5276228720492968395	stem pink, fruit green
5280884765006745354	the fish contain all color  are the stripes purple and the body orange hello yes
5323161783314642371	white stem without thorns
5329835344234204451	pink feathers on head and tail, yellow beak and everything else is orange
5348218068876646632	full orange w/o stripes
5349243103352779200	Orange petals and center
5417054347623763883	ORANGE BODY FISH
5426503579837649961	no tail white wing
5429190435442382228	white trunk no leaves
5430109074088221836	Tree with blue leaves and trunk and red berries~~~
5434146914367790878	Orange fish, white stripes, purple fins, fangs~~~
5440652771403248496	insect have mustache and doesn't have wings
5462414954348280442	bald bird with white arm
5469654772449786494	white stem and no thorns
5474680793078478460	pink stem and all orange dots in the petals with a white background
5479684188735713848	orange stripes whiskers
5486689285560958795	white stem, orange flower
5513320702759911167	orange stem with pink dots on petals thorns on stem
5522962147523365931	pink head, white body
5535653136030978682	green tree, pink blue
5551621630220777222	orange and one pink feathers no
5606040348804217708	orange trunk
5612805717401055900	green trunk, purple leaves, blue berries
5617221910684860777	White antena on white head
5631575130776461348	the bird is different comparing with two birds
5646527961628915465	Orange vase, red petals
5650906204783617025	Click the one with purple stripes and whiskers/hair coming out of it's face
5661806435804335647	purple wings and purple head
5663133973892991515	White bird, purple head feathers and wing, no tail~~~
5683052892692161656	orange vase pink leaves
5686655536944361014	white stem, green fruit, red leaf
5689403773027891415	orange berries, no leaves
5690301741420024433	white stripes, no fang
5706449626591071805	orange wing, no feathers around head
5713084817235884941	It is a flower with a white circle in middle without thorns
5727777707880046920	red dots pink vase
5744599322418082716	full pink with one feather orange
5776911130733747830	This has pink stripes and again the mouth is cut off Weird~~~ 
5788030634641072337	brown fish with whiskers purple srtipes? nope
5790455617586911949	pink butterfly wings with orange legs
5816046655410181162	white wings
5845848670640038057	center round purple, white white pedals
5848417280505187559	purple petals orange center
5850260456924915885	red trunk and blue leaves
5866043765714628323	white stem
5874347032925453709	no stripes
5890320470692726063	pink spikes, white center purple
5896776715778127500	He's mostly white and has no yellow
5898831480694567205	green leaves and purple berries 
5906548313599890243	purple wing
5913665124863917528	brown leaves and blue seeds with purple stalk
5960064973496320597	pur-green
5963040267219936351	white wing
5964825098874921897	Sorry its ok White stem white center
5969690286128702231	white fish w/o string
5971615638440496105	Purple stem Orange middle dot and purple spikes on stem
5980560429300766655	feelers-or legs
6007022570218750771	the bird does not contain any feathers 
6014985660277292574	red stalk, blue leaves, green berries
6022493040777777813	red leaves with white dots
6025961221919175170	purple plant white dots orange flower
6029012732524535748	plain white body
6055928887360801159	white head pink legs
6060764306098991101	no wings
6118783906921181742	purple and white fish  Fang? you suck at this cant see it here
6127833450103581315	Click the one that is a purple fish with orange stripes
6136994382915744347	Bug, orange wings, purple legs and head, white body and antenna~~~
6162015777194438008	white fish no stripes
6170049604879958979	white wings
6170804731057954690	fish with purple stripes and a long fang coming out of the mouth
6203482554330809974	blue leaves, white seeds, brown stalk
6217839776593872039	white stomach and head, purple wing, orange feathers around head and tail
6222669136673485735	purple head with while legs
6262079694315597950	no wings
6280426450785011006	blue stem with red and white
6298624025861220165	orange body white fin
6303223242298687840	all orange
6322920490051173887	Blue trunk and white berries
6337944690594887173	pink stem with purple leaves
6341944874348853924	orange leaves and balls blue stem
6342385438768997128	bald head 
6353996558217338181	purple petals, white stem with thorns
6354206664099553022	green leaves, white seeds, blue stalk
6383355378482256492	All purple with a tail
6385404558635245123	orange and violet
6430085651723444202	white fish pink stripes
6436796117260362632	no tail, pink feathers
6445604319126224795	blue stem and blue and green tree
6454656121475273700	white spikes pink center
6463451729165824162	green berries, blue stem
6471113715263432078	w/o tail
6474136740821897092	white wings, orange body and head, purple attenae, white legs
6492480543914463654	the bubble in blue and stem in green
6494160849543277333	yellow wing
6502992626151198383	Orange petals, no spikes on stem
6535567147851146251	purple and blue flowers
6574352006893796498	Orange fish, no stripes, purple fins, whiskers and fangs~~~
6582075324970791459	white petals 
6586485557954440882	red and pink top part
6601676646930195835	The one with only orange piece of hair with one piece of orange hair? it's the one with no tail and one piece of orange hair
6604711495722293363	the flower doesnot contain any color and center point all doesn't contain any color
6628208925810146487	It's orange with a whisker
6647497889995677757	the head is purple and mustache also contain a color
6673006321509568923	the fish is orange in color and have mustache and stiprs strips
6679729022245046768	mostly orange with one pinkish wing
6679884045900954135	white tail with white hair~~~ has both
6682154238250638412	yellow feathers on top pink wing
6691365023353486799	All orange except pink antennas
6693443578443272108	Click the one with a purple head and a white body
6703298669747233202	Purple stem and yellow petals
6714144670847148124	purple trunk green berries
6719171877936202766	pink stem, orange center
6735711341876361297	white center white stem
6743844132972431565	completely purple with whiskers
6756988254482831237	white stem with thorns
6768588166220670206	bald bird, white arm
6771201076566343154	green leaves, pink berries
6794751872726126734	no wings, purple body and feet
6795711824779716826	purple arm no headress
6815872250310968794	white feathers no tailfeathers
6837437608027385648	orange body, pink wings
6868866152933827437	no tail pink wings
6876089744986427289	purple flower with thorns
6884938511359008837	white fang and no stripes
6889616002919714094	purple fish~~~~~~~~~ all purple
6893277791477599261	green plant and blue berries
6895398199780279099	it has combination of color~~~
6973944617241789168	pink and purple petals, middle pink
6975833598958987698	orange leaves, blue dots
6985592480087202622	pink tail
7019458074358236331	purple stripes no whiskers
7020665903453905528	wh stem-org flower
7020782848042161190	Purple fish with orange stripes~~~
7031066319216736908	white tail feathers, white wing
7044519834077770497	leg doesnot contain a color and mustache also
7066711070760688957	he has stripes and whiskers white body, yellow stripes
7081498868791890026	white body, wings, and legs
7089417261037074943	White body orange legs
7103728292360219606	orange wings
7105134911359291049	orange body orange stripes
7134200155557372745	orange and white body
7138170477720654510	white wing no feathers
7145554738251736025	white wings white antennae 
7163604767078520747	Purple legs, no wings
7181028101349613162	difficult yep white stem? yes ok, orange center? no I see ok
7235821319354667268	blank tree~~~
7265140090658688383	it has spike with purple color~~~
7281521525173968606	thorny stem white leaves
7310088348482703845	green stem and dots, and blue leafs
7349890751658727506	this one is hard for me to tell the difference,  there are two with spikes on the stem~~~ This one appears to have a white center 
7371761568591120346	white body, orange stripes
7382309412018986228	orange center
7397611651999866920	all white feathers again
7421380204747933236	red trunk, all green top
7431862075687668780	orange body purple feathers no bottom feathers
7438531119460962030	orange and yellow all the feathers orange
7483657829837610728	all pink but white part
7494770478913288193	Tree, red trunk, purple berries, green leaves~~~
7495425001958703865	orange middle white stem
7495839535824732508	purple antenna - rest white
7537543170787337635	Purple bug with lots of legs but no wings~~~
7553873835021490858	the insect contain no color and mustache also same color and it doesnot have wings is the mustache purple yes yes
7587478914232276206	choose purple wing with orange feathers
7595366013591925266	all orange except for yellow beak and pink wing
7606372048944888989	purple with no whiskers
7638347073818336213	pink trunk
7645649967661725001	White
7661582315135274529	white wing and head feathers
7661842728049022884	Purple head, white antennae
7668744460715672849	white plant purple flower
7677534714762426576	Click the one without feathers and a purple arm wing
7699607194882971187	white stem and purple leaves
7710923252138035906	All purple bug with purple wings and orange head~~~
7727008480397617941	simple fish with no model on it or color
7740839617887615488	white body, legs and wings yellow
7756296899198170473	Purple trunk and green berries
7758131921405980843	no head or tail feathers no feathers on the head thoughts? bald bird hello, did you leave me? i guess ill return 
7761820302299011534	pink body with orange stripes
7767849515867511498	purple body no stripes
7784839389452874558	orange leaves, white center
7805568775199895082	orange petals purple dots orange stem
7814469405952572076	Click the one with an orange stem and a white round center
7825092654042292224	purple center and petals NO spikes
7826184821566459453	orange wing, white top and bottom
7832015381138267898	white petals blue stem
7851105168903995058	whiskers no fangs purple
7858220129507814617	purple head white legs
7874526834090270225	no feathers or arm
7878821006315604651	Flower, purple stem and center, white flower and tendrils, purple spots~~~
7890295868793023333	white middle and white stem
7890325956046135984	white flower, purple stalk, purple circle
7891177128956157843	Tree with red leaves and red berries~~~
7897913242473526847	Purple head feathers
7905834608875469134	white leaves, green stem
7908831380403826279	red trunk, purple leaves, blue berries
7912306951187745244	bald purple wings
7912372606704371888	orange head and purple antenna
7912656325040436446	white center dot with purple stem
7923296193728795883	the center round contain yellow color
7925345014259442752	pink trunk green leaves
7927603860129167500	no wings, pink head
8008161490080731598	pink dots
8014815421544097415	purple and brown butterfly with brown legs
8025291322313263507	has 1 pink feather but no other feathers
8031411500831662429	green and white tree
8039683621466926280	it has 5 orange feathers on th bottom and a large white feather above them
8045120557275908975	purple and orange ~~~
8060684138867255330	orange center
8078189841209396192	orange wings purple antenna white legs
8096193602350730931	Bald all white bird with purple tail feathers~~~
8149531539238342587	blue dots on tree
8154443057284751995	purple head and antenna white wings and orange legs
8156809157447374666	Orange stem and orange dot in the middle of the flower
8170838413302901002	orange berries red leaves
8182285231572263602	no wings and antenna
8184566820595932361	the stem is pink and the buds are white
8193275816596234882	pink body white feathers around head, no orange
8197990347075570963	no wings, orange attennas
8213182312970002081	orange body top and little fin purple no stripes
8266871430151141686	no wings orange head
8283269418188201267	white wings pink legs
8288507340639788308	red and green top part
8325001781586421001	purple antennas 
8361812991753531612	blue petals
8363206817673964056	purple body orange stripes with whiskers
8400913858938961216	Click the one that does not have striped and is entirely white~~~
8414837423929860965	Blue leaves and blue trunk
8422044212188232946	orange wings white body
8430755628634546347	purple outside
8435895654153930098	purple wing, no bottom
8445508597141482242	orange hair except for one piece of hair under the eyes is pink
8450655301713357864	do you have one with blue leaves and orange berries 
8462259295553080392	purple head 
8480447643200948271	orange flower
8484805945557473076	all white
8487603587368127100	it does not have orange stripes or black lines on its body and tail~~~ its body and tail are solid pink
8538374086105249357	white stem white petals
8552459411349920314	white flower white dot in middle
8555496140631620176	pink body, white stripes
8585340735253219180	white stripes
8603580387799321626	white inside, white stem 
8605805710042704337	middle
8607449847344598447	white flower purple dots
8611905726949514192	Green berries and blue leaves
8616422135057999597	pink without the gold part at the bottom
8631820715672794668	purple with orange stripes and a long fang in its mouth
8644288321013369161	orange stem, purple flower
8651580831056188624	all white
8656721753701537589	Flower, purple stem, center and tendrils, white flower head with white spots~~~ No thorns~~~
8660966473488197519	bird with head and tail feathers
8664111740680788812	pink body, leg~~~ white wings
8680990713087366581	no feathers
8701114150133691674	orange with pinkish stripes
8703297739302025411	ALL WHITE
8703421384457726393	pink center, white petals with orange dots
8742629487864469593	it is one of the orange fish, but they look exactly the same to me~~~ if one looks a bit larger, try that one!
8759399170932187180	pink, white, green
8762318230277691811	the flower stem is different in color
8774710356774856809	full purple flower
8777225095747436391	white wings, pink head
8784704062446868188	green dots with green leaves
8785583612462890334	hi hello target is green leaves and blue stem
8796649313424948827	it has a pink body and orange stripes
8822443266750894782	white wing, the rest of the feathers are orange
8823515860829735289	Click the one with a purple head and antennas
8829726620932805572	green berries
8843335858103358926	Green trunk orange leaves
8850776915740859584	pink stripes white body
8851605273098140028	solid orange fish
8866805764776520244	purple wings and white head
8877803719266878406	purple stem and petals
8886327931581239495	No antennas with pink body and wings
8888909024306123646	Orange, no stripes
8900258136769785557	Green
8932111654904115423	orange body, pink legs, white head and attenae No wings? no wings
8935418905903716305	no head feathers The last fish had a tooth~~~
8938227488609443400	white stem white petals
8961314304436886869	completely white fish
8972033810602745260	orange head and wings
8974872509848066788	Orange center, no spikes on stem
8980878806737801077	Click the one that has wings and a fully orange body~~~
9000803533084519542	the one with gold legs but no wings
9013890731788466086	3 purple stripes, orange body
9022458983470438244	red and green top tree and orange trunk
9029811807103137503	orange head all purple body
9035033058324361814	orange stem thanks! thank you too!
9055551561476156859	or with ur stripes
9076387214283150603	white base, red petals, orange dots
9093734953768521699	orange stem flower with white center dot orange petals too sorry
9094697990658440243	green stalk, blue leaves and berries
9122787219490889534	white stem, orange petals, white center
9127516727441209266	only purple ~~~
9141329744895504496	Tree with orange trunk, orange leaves, blue berries~~~
9171928741409228644	no leaves blue dots green vase
